-- ICN -> JFK (Korean Air)
INSERT INTO AIRPLANE VALUES ('KAL', 'KE001', TO_TIMESTAMP('2025-07-01 08:00:00', 'YYYY-MM-DD HH24:MI:SS'), TO_TIMESTAMP('2025-07-01 16:00:00', 'YYYY-MM-DD HH24:MI:SS'), 'ICN', 'JFK');
INSERT INTO AIRPLANE VALUES ('KAL', 'KE002', TO_TIMESTAMP('2025-07-02 08:00:00', 'YYYY-MM-DD HH24:MI:SS'), TO_TIMESTAMP('2025-07-02 16:00:00', 'YYYY-MM-DD HH24:MI:SS'), 'ICN', 'JFK');
INSERT INTO AIRPLANE VALUES ('KAL', 'KE003', TO_TIMESTAMP('2025-07-03 08:00:00', 'YYYY-MM-DD HH24:MI:SS'), TO_TIMESTAMP('2025-07-03 16:00:00', 'YYYY-MM-DD HH24:MI:SS'), 'ICN', 'JFK');
INSERT INTO AIRPLANE VALUES ('KAL', 'KE004', TO_TIMESTAMP('2025-07-04 08:00:00', 'YYYY-MM-DD HH24:MI:SS'), TO_TIMESTAMP('2025-07-04 16:00:00', 'YYYY-MM-DD HH24:MI:SS'), 'ICN', 'JFK');

-- HNL -> KOA (Hawaiian Airlines)
INSERT INTO AIRPLANE VALUES ('HAL', 'HA101', TO_TIMESTAMP('2025-08-01 09:00:00', 'YYYY-MM-DD HH24:MI:SS'), TO_TIMESTAMP('2025-08-01 10:00:00', 'YYYY-MM-DD HH24:MI:SS'), 'HNL', 'KOA');
INSERT INTO AIRPLANE VALUES ('HAL', 'HA102', TO_TIMESTAMP('2025-08-02 09:00:00', 'YYYY-MM-DD HH24:MI:SS'), TO_TIMESTAMP('2025-08-02 10:00:00', 'YYYY-MM-DD HH24:MI:SS'), 'HNL', 'KOA');
INSERT INTO AIRPLANE VALUES ('HAL', 'HA103', TO_TIMESTAMP('2025-08-03 09:00:00', 'YYYY-MM-DD HH24:MI:SS'), TO_TIMESTAMP('2025-08-03 10:00:00', 'YYYY-MM-DD HH24:MI:SS'), 'HNL', 'KOA');
INSERT INTO AIRPLANE VALUES ('HAL', 'HA104', TO_TIMESTAMP('2025-08-04 09:00:00', 'YYYY-MM-DD HH24:MI:SS'), TO_TIMESTAMP('2025-08-04 10:00:00', 'YYYY-MM-DD HH24:MI:SS'), 'HNL', 'KOA');

-- ICN -> LAX (Korean Air)
INSERT INTO AIRPLANE VALUES ('KAL', 'KE011', TO_TIMESTAMP('2025-09-10 09:00:00', 'YYYY-MM-DD HH24:MI:SS'), TO_TIMESTAMP('2025-09-10 17:00:00', 'YYYY-MM-DD HH24:MI:SS'), 'ICN', 'LAX');
INSERT INTO AIRPLANE VALUES ('KAL', 'KE012', TO_TIMESTAMP('2025-09-11 09:00:00', 'YYYY-MM-DD HH24:MI:SS'), TO_TIMESTAMP('2025-09-11 17:00:00', 'YYYY-MM-DD HH24:MI:SS'), 'ICN', 'LAX');
INSERT INTO AIRPLANE VALUES ('KAL', 'KE013', TO_TIMESTAMP('2025-09-12 09:00:00', 'YYYY-MM-DD HH24:MI:SS'), TO_TIMESTAMP('2025-09-12 17:00:00', 'YYYY-MM-DD HH24:MI:SS'), 'ICN', 'LAX');
INSERT INTO AIRPLANE VALUES ('KAL', 'KE014', TO_TIMESTAMP('2025-09-13 09:00:00', 'YYYY-MM-DD HH24:MI:SS'), TO_TIMESTAMP('2025-09-13 17:00:00', 'YYYY-MM-DD HH24:MI:SS'), 'ICN', 'LAX');

-- HND -> ICN (Japan Airlines)
INSERT INTO AIRPLANE VALUES ('JAL', 'JL201', TO_TIMESTAMP('2025-10-01 13:00:00', 'YYYY-MM-DD HH24:MI:SS'), TO_TIMESTAMP('2025-10-01 15:30:00', 'YYYY-MM-DD HH24:MI:SS'), 'HND', 'ICN');
INSERT INTO AIRPLANE VALUES ('JAL', 'JL202', TO_TIMESTAMP('2025-10-02 13:00:00', 'YYYY-MM-DD HH24:MI:SS'), TO_TIMESTAMP('2025-10-02 15:30:00', 'YYYY-MM-DD HH24:MI:SS'), 'HND', 'ICN');
INSERT INTO AIRPLANE VALUES ('JAL', 'JL203', TO_TIMESTAMP('2025-10-03 13:00:00', 'YYYY-MM-DD HH24:MI:SS'), TO_TIMESTAMP('2025-10-03 15:30:00', 'YYYY-MM-DD HH24:MI:SS'), 'HND', 'ICN');
INSERT INTO AIRPLANE VALUES ('JAL', 'JL204', TO_TIMESTAMP('2025-10-04 13:00:00', 'YYYY-MM-DD HH24:MI:SS'), TO_TIMESTAMP('2025-10-04 15:30:00', 'YYYY-MM-DD HH24:MI:SS'), 'HND', 'ICN');

-- NRT -> HNL (ANA)
INSERT INTO AIRPLANE VALUES ('ANA', 'NH301', TO_TIMESTAMP('2026-01-05 10:00:00', 'YYYY-MM-DD HH24:MI:SS'), TO_TIMESTAMP('2026-01-05 20:00:00', 'YYYY-MM-DD HH24:MI:SS'), 'NRT', 'HNL');
INSERT INTO AIRPLANE VALUES ('ANA', 'NH302', TO_TIMESTAMP('2026-01-06 10:00:00', 'YYYY-MM-DD HH24:MI:SS'), TO_TIMESTAMP('2026-01-06 20:00:00', 'YYYY-MM-DD HH24:MI:SS'), 'NRT', 'HNL');
INSERT INTO AIRPLANE VALUES ('ANA', 'NH303', TO_TIMESTAMP('2026-01-07 10:00:00', 'YYYY-MM-DD HH24:MI:SS'), TO_TIMESTAMP('2026-01-07 20:00:00', 'YYYY-MM-DD HH24:MI:SS'), 'NRT', 'HNL');
INSERT INTO AIRPLANE VALUES ('ANA', 'NH304', TO_TIMESTAMP('2026-01-08 10:00:00', 'YYYY-MM-DD HH24:MI:SS'), TO_TIMESTAMP('2026-01-08 20:00:00', 'YYYY-MM-DD HH24:MI:SS'), 'NRT', 'HNL');

-- CDG -> ICN (Air France)
INSERT INTO AIRPLANE VALUES ('AFR', 'AF511', TO_TIMESTAMP('2026-02-01 09:00:00', 'YYYY-MM-DD HH24:MI:SS'), TO_TIMESTAMP('2026-02-01 18:00:00', 'YYYY-MM-DD HH24:MI:SS'), 'CDG', 'ICN');
INSERT INTO AIRPLANE VALUES ('AFR', 'AF512', TO_TIMESTAMP('2026-02-02 09:00:00', 'YYYY-MM-DD HH24:MI:SS'), TO_TIMESTAMP('2026-02-02 18:00:00', 'YYYY-MM-DD HH24:MI:SS'), 'CDG', 'ICN');
INSERT INTO AIRPLANE VALUES ('AFR', 'AF513', TO_TIMESTAMP('2026-02-03 09:00:00', 'YYYY-MM-DD HH24:MI:SS'), TO_TIMESTAMP('2026-02-03 18:00:00', 'YYYY-MM-DD HH24:MI:SS'), 'CDG', 'ICN');
INSERT INTO AIRPLANE VALUES ('AFR', 'AF514', TO_TIMESTAMP('2026-02-04 09:00:00', 'YYYY-MM-DD HH24:MI:SS'), TO_TIMESTAMP('2026-02-04 18:00:00', 'YYYY-MM-DD HH24:MI:SS'), 'CDG', 'ICN');

-- LHR -> JFK (British Airways)
INSERT INTO AIRPLANE VALUES ('BAW', 'BA701', TO_TIMESTAMP('2026-03-10 08:00:00', 'YYYY-MM-DD HH24:MI:SS'), TO_TIMESTAMP('2026-03-10 14:00:00', 'YYYY-MM-DD HH24:MI:SS'), 'LHR', 'JFK');
INSERT INTO AIRPLANE VALUES ('BAW', 'BA702', TO_TIMESTAMP('2026-03-11 08:00:00', 'YYYY-MM-DD HH24:MI:SS'), TO_TIMESTAMP('2026-03-11 14:00:00', 'YYYY-MM-DD HH24:MI:SS'), 'LHR', 'JFK');
INSERT INTO AIRPLANE VALUES ('BAW', 'BA703', TO_TIMESTAMP('2026-03-12 08:00:00', 'YYYY-MM-DD HH24:MI:SS'), TO_TIMESTAMP('2026-03-12 14:00:00', 'YYYY-MM-DD HH24:MI:SS'), 'LHR', 'JFK');
INSERT INTO AIRPLANE VALUES ('BAW', 'BA704', TO_TIMESTAMP('2026-03-13 08:00:00', 'YYYY-MM-DD HH24:MI:SS'), TO_TIMESTAMP('2026-03-13 14:00:00', 'YYYY-MM-DD HH24:MI:SS'), 'LHR', 'JFK');

-- ORD -> ICN (United Airlines)
INSERT INTO AIRPLANE VALUES ('UAL', 'UA301', TO_TIMESTAMP('2026-04-01 08:00:00', 'YYYY-MM-DD HH24:MI:SS'), TO_TIMESTAMP('2026-04-01 17:00:00', 'YYYY-MM-DD HH24:MI:SS'), 'ORD', 'ICN');
INSERT INTO AIRPLANE VALUES ('UAL', 'UA302', TO_TIMESTAMP('2026-04-02 08:00:00', 'YYYY-MM-DD HH24:MI:SS'), TO_TIMESTAMP('2026-04-02 17:00:00', 'YYYY-MM-DD HH24:MI:SS'), 'ORD', 'ICN');
INSERT INTO AIRPLANE VALUES ('UAL', 'UA303', TO_TIMESTAMP('2026-04-03 08:00:00', 'YYYY-MM-DD HH24:MI:SS'), TO_TIMESTAMP('2026-04-03 17:00:00', 'YYYY-MM-DD HH24:MI:SS'), 'ORD', 'ICN');
INSERT INTO AIRPLANE VALUES ('UAL', 'UA304', TO_TIMESTAMP('2026-04-04 08:00:00', 'YYYY-MM-DD HH24:MI:SS'), TO_TIMESTAMP('2026-04-04 17:00:00', 'YYYY-MM-DD HH24:MI:SS'), 'ORD', 'ICN');


-- CDG -> ICN (Air France)
INSERT INTO SEATS VALUES ('AF511', TO_TIMESTAMP('2026-02-01 09:00:00', 'YYYY-MM-DD HH24:MI:SS'), 'Business', 969, 35);
INSERT INTO SEATS VALUES ('AF511', TO_TIMESTAMP('2026-02-01 09:00:00', 'YYYY-MM-DD HH24:MI:SS'), 'Economy', 284, 36);
INSERT INTO SEATS VALUES ('AF512', TO_TIMESTAMP('2026-02-02 09:00:00', 'YYYY-MM-DD HH24:MI:SS'), 'Business', 840, 28);
INSERT INTO SEATS VALUES ('AF512', TO_TIMESTAMP('2026-02-02 09:00:00', 'YYYY-MM-DD HH24:MI:SS'), 'Economy', 345, 54);
INSERT INTO SEATS VALUES ('AF513', TO_TIMESTAMP('2026-02-03 09:00:00', 'YYYY-MM-DD HH24:MI:SS'), 'Business', 1106, 39);
INSERT INTO SEATS VALUES ('AF513', TO_TIMESTAMP('2026-02-03 09:00:00', 'YYYY-MM-DD HH24:MI:SS'), 'Economy', 423, 38);
INSERT INTO SEATS VALUES ('AF514', TO_TIMESTAMP('2026-02-04 09:00:00', 'YYYY-MM-DD HH24:MI:SS'), 'Business', 683, 44);
INSERT INTO SEATS VALUES ('AF514', TO_TIMESTAMP('2026-02-04 09:00:00', 'YYYY-MM-DD HH24:MI:SS'), 'Economy', 310, 190);

-- LHR -> JFK (British Airways)
INSERT INTO SEATS VALUES ('BA701', TO_TIMESTAMP('2026-03-10 08:00:00', 'YYYY-MM-DD HH24:MI:SS'), 'Business', 1020, 10);
INSERT INTO SEATS VALUES ('BA701', TO_TIMESTAMP('2026-03-10 08:00:00', 'YYYY-MM-DD HH24:MI:SS'), 'Economy', 358, 130);
INSERT INTO SEATS VALUES ('BA702', TO_TIMESTAMP('2026-03-11 08:00:00', 'YYYY-MM-DD HH24:MI:SS'), 'Business', 816, 27);
INSERT INTO SEATS VALUES ('BA702', TO_TIMESTAMP('2026-03-11 08:00:00', 'YYYY-MM-DD HH24:MI:SS'), 'Economy', 347, 95);
INSERT INTO SEATS VALUES ('BA703', TO_TIMESTAMP('2026-03-12 08:00:00', 'YYYY-MM-DD HH24:MI:SS'), 'Business', 682, 22);
INSERT INTO SEATS VALUES ('BA703', TO_TIMESTAMP('2026-03-12 08:00:00', 'YYYY-MM-DD HH24:MI:SS'), 'Economy', 435, 51);
INSERT INTO SEATS VALUES ('BA704', TO_TIMESTAMP('2026-03-13 08:00:00', 'YYYY-MM-DD HH24:MI:SS'), 'Business', 970, 10);
INSERT INTO SEATS VALUES ('BA704', TO_TIMESTAMP('2026-03-13 08:00:00', 'YYYY-MM-DD HH24:MI:SS'), 'Economy', 321, 72);

-- HNL -> KOA (Hawaiian Airlines)
INSERT INTO SEATS VALUES ('HA101', TO_TIMESTAMP('2025-08-01 09:00:00', 'YYYY-MM-DD HH24:MI:SS'), 'Business', 1062, 33);
INSERT INTO SEATS VALUES ('HA101', TO_TIMESTAMP('2025-08-01 09:00:00', 'YYYY-MM-DD HH24:MI:SS'), 'Economy', 462, 113);
INSERT INTO SEATS VALUES ('HA102', TO_TIMESTAMP('2025-08-02 09:00:00', 'YYYY-MM-DD HH24:MI:SS'), 'Business', 660, 16);
INSERT INTO SEATS VALUES ('HA102', TO_TIMESTAMP('2025-08-02 09:00:00', 'YYYY-MM-DD HH24:MI:SS'), 'Economy', 450, 64);
INSERT INTO SEATS VALUES ('HA103', TO_TIMESTAMP('2025-08-03 09:00:00', 'YYYY-MM-DD HH24:MI:SS'), 'Business', 994, 14);
INSERT INTO SEATS VALUES ('HA103', TO_TIMESTAMP('2025-08-03 09:00:00', 'YYYY-MM-DD HH24:MI:SS'), 'Economy', 271, 79);
INSERT INTO SEATS VALUES ('HA104', TO_TIMESTAMP('2025-08-04 09:00:00', 'YYYY-MM-DD HH24:MI:SS'), 'Business', 1187, 18);
INSERT INTO SEATS VALUES ('HA104', TO_TIMESTAMP('2025-08-04 09:00:00', 'YYYY-MM-DD HH24:MI:SS'), 'Economy', 332, 116);

-- HND -> ICN (Japan Airlines)
INSERT INTO SEATS VALUES ('JL201', TO_TIMESTAMP('2025-10-01 13:00:00', 'YYYY-MM-DD HH24:MI:SS'), 'Business', 1125, 44);
INSERT INTO SEATS VALUES ('JL201', TO_TIMESTAMP('2025-10-01 13:00:00', 'YYYY-MM-DD HH24:MI:SS'), 'Economy', 281, 21);
INSERT INTO SEATS VALUES ('JL202', TO_TIMESTAMP('2025-10-02 13:00:00', 'YYYY-MM-DD HH24:MI:SS'), 'Business', 625, 37);
INSERT INTO SEATS VALUES ('JL202', TO_TIMESTAMP('2025-10-02 13:00:00', 'YYYY-MM-DD HH24:MI:SS'), 'Economy', 430, 109);
INSERT INTO SEATS VALUES ('JL203', TO_TIMESTAMP('2025-10-03 13:00:00', 'YYYY-MM-DD HH24:MI:SS'), 'Business', 800, 38);
INSERT INTO SEATS VALUES ('JL203', TO_TIMESTAMP('2025-10-03 13:00:00', 'YYYY-MM-DD HH24:MI:SS'), 'Economy', 431, 199);
INSERT INTO SEATS VALUES ('JL204', TO_TIMESTAMP('2025-10-04 13:00:00', 'YYYY-MM-DD HH24:MI:SS'), 'Business', 1155, 47);
INSERT INTO SEATS VALUES ('JL204', TO_TIMESTAMP('2025-10-04 13:00:00', 'YYYY-MM-DD HH24:MI:SS'), 'Economy', 275, 29);

-- ICN -> JFK (Korean Air)
INSERT INTO SEATS VALUES ('KE001', TO_TIMESTAMP('2025-07-01 08:00:00', 'YYYY-MM-DD HH24:MI:SS'), 'Business', 1168, 25);
INSERT INTO SEATS VALUES ('KE001', TO_TIMESTAMP('2025-07-01 08:00:00', 'YYYY-MM-DD HH24:MI:SS'), 'Economy', 367, 132);
INSERT INTO SEATS VALUES ('KE002', TO_TIMESTAMP('2025-07-02 08:00:00', 'YYYY-MM-DD HH24:MI:SS'), 'Business', 664, 17);
INSERT INTO SEATS VALUES ('KE002', TO_TIMESTAMP('2025-07-02 08:00:00', 'YYYY-MM-DD HH24:MI:SS'), 'Economy', 360, 52);
INSERT INTO SEATS VALUES ('KE003', TO_TIMESTAMP('2025-07-03 08:00:00', 'YYYY-MM-DD HH24:MI:SS'), 'Business', 1043, 47);
INSERT INTO SEATS VALUES ('KE003', TO_TIMESTAMP('2025-07-03 08:00:00', 'YYYY-MM-DD HH24:MI:SS'), 'Economy', 262, 67);
INSERT INTO SEATS VALUES ('KE004', TO_TIMESTAMP('2025-07-04 08:00:00', 'YYYY-MM-DD HH24:MI:SS'), 'Business', 762, 29);
INSERT INTO SEATS VALUES ('KE004', TO_TIMESTAMP('2025-07-04 08:00:00', 'YYYY-MM-DD HH24:MI:SS'), 'Economy', 352, 155);

-- ICN -> LAX (Korean Air)
INSERT INTO SEATS VALUES ('KE011', TO_TIMESTAMP('2025-09-10 09:00:00', 'YYYY-MM-DD HH24:MI:SS'), 'Business', 825, 15);
INSERT INTO SEATS VALUES ('KE011', TO_TIMESTAMP('2025-09-10 09:00:00', 'YYYY-MM-DD HH24:MI:SS'), 'Economy', 296, 51);
INSERT INTO SEATS VALUES ('KE012', TO_TIMESTAMP('2025-09-11 09:00:00', 'YYYY-MM-DD HH24:MI:SS'), 'Business', 1018, 22);
INSERT INTO SEATS VALUES ('KE012', TO_TIMESTAMP('2025-09-11 09:00:00', 'YYYY-MM-DD HH24:MI:SS'), 'Economy', 368, 22);
INSERT INTO SEATS VALUES ('KE013', TO_TIMESTAMP('2025-09-12 09:00:00', 'YYYY-MM-DD HH24:MI:SS'), 'Business', 687, 13);
INSERT INTO SEATS VALUES ('KE013', TO_TIMESTAMP('2025-09-12 09:00:00', 'YYYY-MM-DD HH24:MI:SS'), 'Economy', 343, 97);
INSERT INTO SEATS VALUES ('KE014', TO_TIMESTAMP('2025-09-13 09:00:00', 'YYYY-MM-DD HH24:MI:SS'), 'Business', 609, 33);
INSERT INTO SEATS VALUES ('KE014', TO_TIMESTAMP('2025-09-13 09:00:00', 'YYYY-MM-DD HH24:MI:SS'), 'Economy', 405, 37);

-- NRT -> HNL (ANA)
INSERT INTO SEATS VALUES ('NH301', TO_TIMESTAMP('2026-01-05 10:00:00', 'YYYY-MM-DD HH24:MI:SS'), 'Business', 1162, 17);
INSERT INTO SEATS VALUES ('NH301', TO_TIMESTAMP('2026-01-05 10:00:00', 'YYYY-MM-DD HH24:MI:SS'), 'Economy', 331, 196);
INSERT INTO SEATS VALUES ('NH302', TO_TIMESTAMP('2026-01-06 10:00:00', 'YYYY-MM-DD HH24:MI:SS'), 'Business', 835, 41);
INSERT INTO SEATS VALUES ('NH302', TO_TIMESTAMP('2026-01-06 10:00:00', 'YYYY-MM-DD HH24:MI:SS'), 'Economy', 411, 197);
INSERT INTO SEATS VALUES ('NH303', TO_TIMESTAMP('2026-01-07 10:00:00', 'YYYY-MM-DD HH24:MI:SS'), 'Business', 741, 21);
INSERT INTO SEATS VALUES ('NH303', TO_TIMESTAMP('2026-01-07 10:00:00', 'YYYY-MM-DD HH24:MI:SS'), 'Economy', 361, 79);
INSERT INTO SEATS VALUES ('NH304', TO_TIMESTAMP('2026-01-08 10:00:00', 'YYYY-MM-DD HH24:MI:SS'), 'Business', 888, 21);
INSERT INTO SEATS VALUES ('NH304', TO_TIMESTAMP('2026-01-08 10:00:00', 'YYYY-MM-DD HH24:MI:SS'), 'Economy', 407, 132);

-- ORD -> ICN (United Airlines)
INSERT INTO SEATS VALUES ('UA301', TO_TIMESTAMP('2026-04-01 08:00:00', 'YYYY-MM-DD HH24:MI:SS'), 'Business', 832, 11);
INSERT INTO SEATS VALUES ('UA301', TO_TIMESTAMP('2026-04-01 08:00:00', 'YYYY-MM-DD HH24:MI:SS'), 'Economy', 435, 21);
INSERT INTO SEATS VALUES ('UA302', TO_TIMESTAMP('2026-04-02 08:00:00', 'YYYY-MM-DD HH24:MI:SS'), 'Business', 801, 14);
INSERT INTO SEATS VALUES ('UA302', TO_TIMESTAMP('2026-04-02 08:00:00', 'YYYY-MM-DD HH24:MI:SS'), 'Economy', 339, 86);
INSERT INTO SEATS VALUES ('UA303', TO_TIMESTAMP('2026-04-03 08:00:00', 'YYYY-MM-DD HH24:MI:SS'), 'Business', 1088, 12);
INSERT INTO SEATS VALUES ('UA303', TO_TIMESTAMP('2026-04-03 08:00:00', 'YYYY-MM-DD HH24:MI:SS'), 'Economy', 483, 60);
INSERT INTO SEATS VALUES ('UA304', TO_TIMESTAMP('2026-04-04 08:00:00', 'YYYY-MM-DD HH24:MI:SS'), 'Business', 1137, 49);
INSERT INTO SEATS VALUES ('UA304', TO_TIMESTAMP('2026-04-04 08:00:00', 'YYYY-MM-DD HH24:MI:SS'), 'Economy', 447, 65);



INSERT INTO CUSTOMER VALUES ('C001', 'Pikachu', 'pikachu123!', 'pikachu@poke.com', 'P00000001');
INSERT INTO CUSTOMER VALUES ('C002', 'Charmander', 'char!2025', 'charmander@poke.com', 'P00000002');
INSERT INTO CUSTOMER VALUES ('C003', 'Bulbasaur', 'bulba_pw!', 'bulbasaur@poke.com', 'P00000003');
INSERT INTO CUSTOMER VALUES ('C004', 'Squirtle', 'squirtle@1', 'squirtle@poke.com', 'P00000004');
INSERT INTO CUSTOMER VALUES ('C005', 'Eevee', 'eeveeLove$', 'eevee@poke.com', 'P00000005');
INSERT INTO CUSTOMER VALUES ('C006', 'Snorlax', 'snoreZzz9', 'snorlax@poke.com', 'P00000006');
INSERT INTO CUSTOMER VALUES ('C007', 'Jigglypuff', 'jiggly_sing', 'jigglypuff@poke.com', 'P00000007');
INSERT INTO CUSTOMER VALUES ('C008', 'Gengar', 'ghostlyG!', 'gengar@poke.com', 'P00000008');
INSERT INTO CUSTOMER VALUES ('C009', 'Lucario', 'auraForce1', 'lucario@poke.com', 'P00000009');
INSERT INTO CUSTOMER VALUES ('C010', 'Ditto', 'transform!', 'ditto@poke.com', 'P00000010');

INSERT INTO RESERVE VALUES ('KE001', TO_TIMESTAMP('2025-07-01 08:00:00', 'YYYY-MM-DD HH24:MI:SS'), 'Economy', 367, TO_TIMESTAMP('2025-05-01 10:00:00', 'YYYY-MM-DD HH24:MI:SS'), 'C005');
INSERT INTO RESERVE VALUES ('KE002', TO_TIMESTAMP('2025-07-02 08:00:00', 'YYYY-MM-DD HH24:MI:SS'), 'Business', 664, TO_TIMESTAMP('2025-05-02 10:00:00', 'YYYY-MM-DD HH24:MI:SS'), 'C001');
INSERT INTO RESERVE VALUES ('KE003', TO_TIMESTAMP('2025-07-03 08:00:00', 'YYYY-MM-DD HH24:MI:SS'), 'Economy', 262, TO_TIMESTAMP('2025-05-03 10:00:00', 'YYYY-MM-DD HH24:MI:SS'), 'C007');
INSERT INTO RESERVE VALUES ('KE004', TO_TIMESTAMP('2025-07-04 08:00:00', 'YYYY-MM-DD HH24:MI:SS'), 'Business', 762, TO_TIMESTAMP('2025-05-04 10:00:00', 'YYYY-MM-DD HH24:MI:SS'), 'C009');
INSERT INTO RESERVE VALUES ('HA101', TO_TIMESTAMP('2025-08-01 09:00:00', 'YYYY-MM-DD HH24:MI:SS'), 'Economy', 462, TO_TIMESTAMP('2025-05-05 10:00:00', 'YYYY-MM-DD HH24:MI:SS'), 'C003');
INSERT INTO RESERVE VALUES ('HA102', TO_TIMESTAMP('2025-08-02 09:00:00', 'YYYY-MM-DD HH24:MI:SS'), 'Business', 660, TO_TIMESTAMP('2025-05-06 10:00:00', 'YYYY-MM-DD HH24:MI:SS'), 'C008');
INSERT INTO RESERVE VALUES ('HA103', TO_TIMESTAMP('2025-08-03 09:00:00', 'YYYY-MM-DD HH24:MI:SS'), 'Economy', 271, TO_TIMESTAMP('2025-05-07 10:00:00', 'YYYY-MM-DD HH24:MI:SS'), 'C001');
INSERT INTO RESERVE VALUES ('HA104', TO_TIMESTAMP('2025-08-04 09:00:00', 'YYYY-MM-DD HH24:MI:SS'), 'Business', 1187, TO_TIMESTAMP('2025-05-08 10:00:00', 'YYYY-MM-DD HH24:MI:SS'), 'C005');
INSERT INTO RESERVE VALUES ('KE011', TO_TIMESTAMP('2025-09-10 09:00:00', 'YYYY-MM-DD HH24:MI:SS'), 'Economy', 296, TO_TIMESTAMP('2025-05-09 10:00:00', 'YYYY-MM-DD HH24:MI:SS'), 'C006');
INSERT INTO RESERVE VALUES ('KE012', TO_TIMESTAMP('2025-09-11 09:00:00', 'YYYY-MM-DD HH24:MI:SS'), 'Business', 1018, TO_TIMESTAMP('2025-05-10 10:00:00', 'YYYY-MM-DD HH24:MI:SS'), 'C009');
INSERT INTO RESERVE VALUES ('JL201', TO_TIMESTAMP('2025-10-01 13:00:00', 'YYYY-MM-DD HH24:MI:SS'), 'Economy', 281, TO_TIMESTAMP('2025-05-11 10:00:00', 'YYYY-MM-DD HH24:MI:SS'), 'C006');
INSERT INTO RESERVE VALUES ('JL202', TO_TIMESTAMP('2025-10-02 13:00:00', 'YYYY-MM-DD HH24:MI:SS'), 'Business', 625, TO_TIMESTAMP('2025-05-12 10:00:00', 'YYYY-MM-DD HH24:MI:SS'), 'C005');
INSERT INTO RESERVE VALUES ('NH301', TO_TIMESTAMP('2026-01-05 10:00:00', 'YYYY-MM-DD HH24:MI:SS'), 'Economy', 331, TO_TIMESTAMP('2025-05-13 10:00:00', 'YYYY-MM-DD HH24:MI:SS'), 'C005');
INSERT INTO RESERVE VALUES ('NH302', TO_TIMESTAMP('2026-01-06 10:00:00', 'YYYY-MM-DD HH24:MI:SS'), 'Business', 835, TO_TIMESTAMP('2025-05-14 10:00:00', 'YYYY-MM-DD HH24:MI:SS'), 'C010');
INSERT INTO RESERVE VALUES ('AF511', TO_TIMESTAMP('2026-02-01 09:00:00', 'YYYY-MM-DD HH24:MI:SS'), 'Economy', 284, TO_TIMESTAMP('2025-05-15 10:00:00', 'YYYY-MM-DD HH24:MI:SS'), 'C002');
INSERT INTO RESERVE VALUES ('AF512', TO_TIMESTAMP('2026-02-02 09:00:00', 'YYYY-MM-DD HH24:MI:SS'), 'Business', 840, TO_TIMESTAMP('2025-05-16 10:00:00', 'YYYY-MM-DD HH24:MI:SS'), 'C003');
INSERT INTO RESERVE VALUES ('BA701', TO_TIMESTAMP('2026-03-10 08:00:00', 'YYYY-MM-DD HH24:MI:SS'), 'Economy', 358, TO_TIMESTAMP('2025-05-17 10:00:00', 'YYYY-MM-DD HH24:MI:SS'), 'C009');
INSERT INTO RESERVE VALUES ('BA702', TO_TIMESTAMP('2026-03-11 08:00:00', 'YYYY-MM-DD HH24:MI:SS'), 'Business', 816, TO_TIMESTAMP('2025-05-18 10:00:00', 'YYYY-MM-DD HH24:MI:SS'), 'C008');
INSERT INTO RESERVE VALUES ('UA301', TO_TIMESTAMP('2026-04-01 08:00:00', 'YYYY-MM-DD HH24:MI:SS'), 'Economy', 435, TO_TIMESTAMP('2025-05-19 10:00:00', 'YYYY-MM-DD HH24:MI:SS'), 'C007');
INSERT INTO RESERVE VALUES ('UA302', TO_TIMESTAMP('2026-04-02 08:00:00', 'YYYY-MM-DD HH24:MI:SS'), 'Business', 801, TO_TIMESTAMP('2025-05-20 10:00:00', 'YYYY-MM-DD HH24:MI:SS'), 'C010');


INSERT INTO CANCEL VALUES ('KE001', TO_TIMESTAMP('2025-07-01 08:00:00', 'YYYY-MM-DD HH24:MI:SS'), 'Economy', 367, TO_TIMESTAMP('2025-05-21 10:00:00', 'YYYY-MM-DD HH24:MI:SS'), 'C005');
INSERT INTO CANCEL VALUES ('KE002', TO_TIMESTAMP('2025-07-02 08:00:00', 'YYYY-MM-DD HH24:MI:SS'), 'Business', 664, TO_TIMESTAMP('2025-05-22 10:00:00', 'YYYY-MM-DD HH24:MI:SS'), 'C001');
INSERT INTO CANCEL VALUES ('KE003', TO_TIMESTAMP('2025-07-03 08:00:00', 'YYYY-MM-DD HH24:MI:SS'), 'Economy', 262, TO_TIMESTAMP('2025-05-23 10:00:00', 'YYYY-MM-DD HH24:MI:SS'), 'C006');
INSERT INTO CANCEL VALUES ('KE004', TO_TIMESTAMP('2025-07-04 08:00:00', 'YYYY-MM-DD HH24:MI:SS'), 'Business', 762, TO_TIMESTAMP('2025-05-24 10:00:00', 'YYYY-MM-DD HH24:MI:SS'), 'C008');
INSERT INTO CANCEL VALUES ('HA101', TO_TIMESTAMP('2025-08-01 09:00:00', 'YYYY-MM-DD HH24:MI:SS'), 'Economy', 462, TO_TIMESTAMP('2025-05-25 10:00:00', 'YYYY-MM-DD HH24:MI:SS'), 'C001');
INSERT INTO CANCEL VALUES ('HA102', TO_TIMESTAMP('2025-08-02 09:00:00', 'YYYY-MM-DD HH24:MI:SS'), 'Business', 660, TO_TIMESTAMP('2025-05-26 10:00:00', 'YYYY-MM-DD HH24:MI:SS'), 'C002');
INSERT INTO CANCEL VALUES ('HA103', TO_TIMESTAMP('2025-08-03 09:00:00', 'YYYY-MM-DD HH24:MI:SS'), 'Economy', 271, TO_TIMESTAMP('2025-05-27 10:00:00', 'YYYY-MM-DD HH24:MI:SS'), 'C009');
INSERT INTO CANCEL VALUES ('HA104', TO_TIMESTAMP('2025-08-04 09:00:00', 'YYYY-MM-DD HH24:MI:SS'), 'Business', 1187, TO_TIMESTAMP('2025-05-28 10:00:00', 'YYYY-MM-DD HH24:MI:SS'), 'C008');
INSERT INTO CANCEL VALUES ('KE011', TO_TIMESTAMP('2025-09-10 09:00:00', 'YYYY-MM-DD HH24:MI:SS'), 'Economy', 296, TO_TIMESTAMP('2025-05-29 10:00:00', 'YYYY-MM-DD HH24:MI:SS'), 'C009');
INSERT INTO CANCEL VALUES ('KE012', TO_TIMESTAMP('2025-09-11 09:00:00', 'YYYY-MM-DD HH24:MI:SS'), 'Business', 1018, TO_TIMESTAMP('2025-05-30 10:00:00', 'YYYY-MM-DD HH24:MI:SS'), 'C007');